{
    "loss": 27.815074920654297,
    "accuracy": 0.4313725531101227
}